date,category,payee_id,amount_usdc,invoice_ref,memo
2025-11-26,personnel,V-001,"1,250.00",INV-2025-0117,"coordinator Nov"
2025-11-26,"Personnel ",V-002,2000,COOP-44,"enumerator stipends wk 1-2"
27/11/2025,equipment,V-003,"USD 1875.50",BLS-9021,"test kits + cold box"
2025-11-28,fieldwork,V-004,340.75,TN-301,"fuel + driver, Kaolack"
2025-11-28,fieldwork,V-004," 120 ",TN-302,"fuel top-up"
2025-12-01,training,V-005,$450,HB-DEP-12,"venue deposit"
2025-12-01,overhead,V-006,400.00,UCAD-OH-1,"overhead instalment 1/2"
2025-12-03,equipment,V-003,800,BLS-9044,"centrifuge (over category cap - expected reject)"
2025-12-05,personnel,V-001,1250,INV-2025-0131,"coordinator Dec"
2025-12-05,FIELDWORK,V-007,615.25,WAVE-7781,"mobile money per diems, 41 enumerators"
2025-12-09,training,V-005,300,HB-BAL-12,"venue balance"
2025-12-10,personnel,V-002,"1,000",COOP-45,"enumerator stipends wk 3-4"
2025-12-12,overhead,V-006,400.00,UCAD-OH-2,"overhead instalment 2/2"
2025-12-12,fieldwork,V-008,250,SCG-01,"blocked vendor - expected reject"
2025-12-15,equipment,V-003,600.00,BLS-9078,reagents
2025-12-16,training,V-005,425.5,HB-CAT-3,"catering, 2 days"
2025-12-18,fieldwork,V-007,500,WAVE-7802,"mobile money per diems, wk 3"
2025-12-19,personnel,V-001,499.99,INV-2025-0140,"coordinator, partial (FX rounding)"
2025-12-22,fieldwork,V-004,424,TN-317,"fuel + driver, Fatick"
2025-12-23,equipment,V-003,24.50,BLS-9080,"labels + consumables"
